Source,Type,Target,Weight
1-й собеседник,Undirected,2-й собеседник,1
1-й собеседник,Undirected,Городовой,1
1-й собеседник,Undirected,Дети,1
1-й собеседник,Undirected,Женщина с ведрами,1
1-й собеседник,Undirected,Зимний голос,1
1-й собеседник,Undirected,Мальчики,1
1-й собеседник,Undirected,Некто,1
1-й собеседник,Undirected,Нищий,1
1-й собеседник,Undirected,Отставший спутник,1
1-й собеседник,Undirected,Пристав,1
1-й собеседник,Undirected,Прохожие,1
1-й собеседник,Undirected,Пьяница,1
1-й собеседник,Undirected,Славодей,1
1-й собеседник,Undirected,Снегей,1
1-й собеседник,Undirected,Снежимочка,1
1-й собеседник,Undirected,Старуха,1
1-й собеседник,Undirected,Ученый,1
1-й собеседник,Undirected,Ховун,1
2-й собеседник,Undirected,Городовой,1
2-й собеседник,Undirected,Дети,1
2-й собеседник,Undirected,Женщина с ведрами,1
2-й собеседник,Undirected,Зимний голос,1
2-й собеседник,Undirected,Мальчики,1
2-й собеседник,Undirected,Некто,1
2-й собеседник,Undirected,Нищий,1
2-й собеседник,Undirected,Отставший спутник,1
2-й собеседник,Undirected,Пристав,1
2-й собеседник,Undirected,Прохожие,1
2-й собеседник,Undirected,Пьяница,1
2-й собеседник,Undirected,Славодей,1
2-й собеседник,Undirected,Снегей,1
2-й собеседник,Undirected,Снежимочка,1
2-й собеседник,Undirected,Старуха,1
2-й собеседник,Undirected,Ученый,1
2-й собеседник,Undirected,Ховун,1
2-й человек,Undirected,Белый боярин,1
2-й человек,Undirected,Белый мужик,1
2-й человек,Undirected,Березомир,1
2-й человек,Undirected,Бес,1
2-й человек,Undirected,Бесеныш,1
2-й человек,Undirected,Бесок,1
2-й человек,Undirected,Вещежонка,1
2-й человек,Undirected,Ворон,1
2-й человек,Undirected,Вселенничи,1
2-й человек,Undirected,Древолюд,1
2-й человек,Undirected,Заяц,1
2-й человек,Undirected,Липовый парень,1
2-й человек,Undirected,Липяное бывьмо,1
2-й человек,Undirected,Мамки,1
2-й человек,Undirected,Молодой рабочий,1
2-й человек,Undirected,Молчащие сестры,1
2-й человек,Undirected,Морозный тятька,1
2-й человек,Undirected,Некий глас,1
2-й человек,Undirected,Немини,1
2-й человек,Undirected,Няня-леший,1
2-й человек,Undirected,Рында,1
2-й человек,Undirected,Сказчич-Морочич,1
2-й человек,Undirected,Слепини,1
2-й человек,Undirected,Смехини,1
2-й человек,Undirected,Снегомужье,1
2-й человек,Undirected,Снегун,1
2-й человек,Undirected,Снегчие,1
2-й человек,Undirected,Снежак,1
2-й человек,Undirected,Снежачиха,1
2-й человек,Undirected,Снежные мамки,1
2-й человек,Undirected,Снезини,1
2-й человек,Undirected,Старушка-докладчица,1
Белый боярин,Undirected,Белый мужик,1
Белый боярин,Undirected,Березомир,1
Белый боярин,Undirected,Бес,1
Белый боярин,Undirected,Бесеныш,1
Белый боярин,Undirected,Бесок,1
Белый боярин,Undirected,Вещежонка,1
Белый боярин,Undirected,Ворон,1
Белый боярин,Undirected,Вселенничи,1
Белый боярин,Undirected,Древолюд,1
Белый боярин,Undirected,Заяц,1
Белый боярин,Undirected,Липовый парень,1
Белый боярин,Undirected,Липяное бывьмо,1
Белый боярин,Undirected,Мамки,1
Белый боярин,Undirected,Молодой рабочий,1
Белый боярин,Undirected,Молчащие сестры,1
Белый боярин,Undirected,Морозный тятька,1
Белый боярин,Undirected,Некий глас,1
Белый боярин,Undirected,Немини,1
Белый боярин,Undirected,Няня-леший,1
Белый боярин,Undirected,Рында,1
Белый боярин,Undirected,Сказчич-Морочич,1
Белый боярин,Undirected,Слепини,1
Белый боярин,Undirected,Смехини,1
Белый боярин,Undirected,Снегомужье,1
Белый боярин,Undirected,Снегун,1
Белый боярин,Undirected,Снегчие,1
Белый боярин,Undirected,Снежак,1
Белый боярин,Undirected,Снежачиха,1
Белый боярин,Undirected,Снежные мамки,1
Белый боярин,Undirected,Снезини,1
Белый боярин,Undirected,Старушка-докладчица,1
Белый мужик,Undirected,Березомир,1
Белый мужик,Undirected,Бес,1
Белый мужик,Undirected,Бесеныш,1
Белый мужик,Undirected,Бесок,1
Белый мужик,Undirected,Вещежонка,1
Белый мужик,Undirected,Ворон,1
Белый мужик,Undirected,Вселенничи,1
Белый мужик,Undirected,Древолюд,1
Белый мужик,Undirected,Заяц,1
Белый мужик,Undirected,Липовый парень,1
Белый мужик,Undirected,Липяное бывьмо,1
Белый мужик,Undirected,Мамки,1
Белый мужик,Undirected,Молодой рабочий,1
Белый мужик,Undirected,Молчащие сестры,1
Белый мужик,Undirected,Морозный тятька,1
Белый мужик,Undirected,Некий глас,1
Белый мужик,Undirected,Немини,1
Белый мужик,Undirected,Няня-леший,1
Белый мужик,Undirected,Рында,1
Белый мужик,Undirected,Сказчич-Морочич,1
Белый мужик,Undirected,Слепини,1
Белый мужик,Undirected,Смехини,1
Белый мужик,Undirected,Снегомужье,1
Белый мужик,Undirected,Снегун,1
Белый мужик,Undirected,Снегчие,1
Белый мужик,Undirected,Снежак,1
Белый мужик,Undirected,Снежачиха,1
Белый мужик,Undirected,Снежные мамки,1
Белый мужик,Undirected,Снезини,1
Белый мужик,Undirected,Старушка-докладчица,1
Березомир,Undirected,Бес,1
Березомир,Undirected,Бесеныш,1
Березомир,Undirected,Бесок,1
Березомир,Undirected,Вещежонка,1
Березомир,Undirected,Ворон,1
Березомир,Undirected,Вселенничи,1
Березомир,Undirected,Древолюд,1
Березомир,Undirected,Заяц,1
Березомир,Undirected,Липовый парень,1
Березомир,Undirected,Липяное бывьмо,1
Березомир,Undirected,Мамки,1
Березомир,Undirected,Молодой рабочий,1
Березомир,Undirected,Молчащие сестры,1
Березомир,Undirected,Морозный тятька,1
Березомир,Undirected,Некий глас,1
Березомир,Undirected,Немини,1
Березомир,Undirected,Няня-леший,1
Березомир,Undirected,Рында,1
Березомир,Undirected,Сказчич-Морочич,1
Березомир,Undirected,Слепини,1
Березомир,Undirected,Смехини,1
Березомир,Undirected,Снегомужье,1
Березомир,Undirected,Снегун,1
Березомир,Undirected,Снегчие,1
Березомир,Undirected,Снежак,1
Березомир,Undirected,Снежачиха,1
Березомир,Undirected,Снежные мамки,1
Березомир,Undirected,Снезини,1
Березомир,Undirected,Старушка-докладчица,1
Бес,Undirected,Бесеныш,1
Бес,Undirected,Бесок,1
Бес,Undirected,Вещежонка,1
Бес,Undirected,Ворон,1
Бес,Undirected,Вселенничи,1
Бес,Undirected,Древолюд,1
Бес,Undirected,Заяц,1
Бес,Undirected,Липовый парень,1
Бес,Undirected,Липяное бывьмо,1
Бес,Undirected,Мамки,1
Бес,Undirected,Молодой рабочий,1
Бес,Undirected,Молчащие сестры,1
Бес,Undirected,Морозный тятька,1
Бес,Undirected,Некий глас,1
Бес,Undirected,Немини,1
Бес,Undirected,Няня-леший,1
Бес,Undirected,Рында,1
Бес,Undirected,Сказчич-Морочич,1
Бес,Undirected,Слепини,1
Бес,Undirected,Смехини,1
Бес,Undirected,Снегомужье,1
Бес,Undirected,Снегун,1
Бес,Undirected,Снегчие,1
Бес,Undirected,Снежак,1
Бес,Undirected,Снежачиха,1
Бес,Undirected,Снежные мамки,1
Бес,Undirected,Снезини,1
Бес,Undirected,Старушка-докладчица,1
Бесеныш,Undirected,Бесок,1
Бесеныш,Undirected,Вещежонка,1
Бесеныш,Undirected,Ворон,1
Бесеныш,Undirected,Вселенничи,1
Бесеныш,Undirected,Древолюд,1
Бесеныш,Undirected,Заяц,1
Бесеныш,Undirected,Липовый парень,1
Бесеныш,Undirected,Липяное бывьмо,1
Бесеныш,Undirected,Мамки,1
Бесеныш,Undirected,Молодой рабочий,1
Бесеныш,Undirected,Молчащие сестры,1
Бесеныш,Undirected,Морозный тятька,1
Бесеныш,Undirected,Некий глас,1
Бесеныш,Undirected,Немини,1
Бесеныш,Undirected,Няня-леший,1
Бесеныш,Undirected,Рында,1
Бесеныш,Undirected,Сказчич-Морочич,1
Бесеныш,Undirected,Слепини,1
Бесеныш,Undirected,Смехини,1
Бесеныш,Undirected,Снегомужье,1
Бесеныш,Undirected,Снегун,1
Бесеныш,Undirected,Снегчие,1
Бесеныш,Undirected,Снежак,1
Бесеныш,Undirected,Снежачиха,1
Бесеныш,Undirected,Снежные мамки,1
Бесеныш,Undirected,Снезини,1
Бесеныш,Undirected,Старушка-докладчица,1
Бесок,Undirected,Вещежонка,1
Бесок,Undirected,Ворон,1
Бесок,Undirected,Вселенничи,1
Бесок,Undirected,Древолюд,1
Бесок,Undirected,Заяц,1
Бесок,Undirected,Липовый парень,1
Бесок,Undirected,Липяное бывьмо,1
Бесок,Undirected,Мамки,1
Бесок,Undirected,Молодой рабочий,1
Бесок,Undirected,Молчащие сестры,1
Бесок,Undirected,Морозный тятька,1
Бесок,Undirected,Некий глас,1
Бесок,Undirected,Немини,1
Бесок,Undirected,Няня-леший,1
Бесок,Undirected,Рында,1
Бесок,Undirected,Сказчич-Морочич,1
Бесок,Undirected,Слепини,1
Бесок,Undirected,Смехини,1
Бесок,Undirected,Снегомужье,1
Бесок,Undirected,Снегун,1
Бесок,Undirected,Снегчие,1
Бесок,Undirected,Снежак,1
Бесок,Undirected,Снежачиха,1
Бесок,Undirected,Снежные мамки,1
Бесок,Undirected,Снезини,1
Бесок,Undirected,Старушка-докладчица,1
Вещежонка,Undirected,Ворон,1
Вещежонка,Undirected,Вселенничи,1
Вещежонка,Undirected,Древолюд,1
Вещежонка,Undirected,Заяц,1
Вещежонка,Undirected,Липовый парень,1
Вещежонка,Undirected,Липяное бывьмо,1
Вещежонка,Undirected,Мамки,1
Вещежонка,Undirected,Молодой рабочий,1
Вещежонка,Undirected,Молчащие сестры,1
Вещежонка,Undirected,Морозный тятька,1
Вещежонка,Undirected,Некий глас,1
Вещежонка,Undirected,Немини,1
Вещежонка,Undirected,Няня-леший,1
Вещежонка,Undirected,Рында,1
Вещежонка,Undirected,Сказчич-Морочич,1
Вещежонка,Undirected,Слепини,1
Вещежонка,Undirected,Смехини,1
Вещежонка,Undirected,Снегомужье,1
Вещежонка,Undirected,Снегун,1
Вещежонка,Undirected,Снегчие,1
Вещежонка,Undirected,Снежак,1
Вещежонка,Undirected,Снежачиха,1
Вещежонка,Undirected,Снежные мамки,1
Вещежонка,Undirected,Снезини,1
Вещежонка,Undirected,Старушка-докладчица,1
Ворон,Undirected,Вселенничи,1
Ворон,Undirected,Древолюд,1
Ворон,Undirected,Заяц,1
Ворон,Undirected,Липовый парень,1
Ворон,Undirected,Липяное бывьмо,1
Ворон,Undirected,Мамки,1
Ворон,Undirected,Молодой рабочий,1
Ворон,Undirected,Молчащие сестры,1
Ворон,Undirected,Морозный тятька,1
Ворон,Undirected,Некий глас,1
Ворон,Undirected,Немини,1
Ворон,Undirected,Няня-леший,1
Ворон,Undirected,Рында,1
Ворон,Undirected,Сказчич-Морочич,1
Ворон,Undirected,Слепини,1
Ворон,Undirected,Смехини,1
Ворон,Undirected,Снегомужье,1
Ворон,Undirected,Снегун,1
Ворон,Undirected,Снегчие,1
Ворон,Undirected,Снежак,1
Ворон,Undirected,Снежачиха,1
Ворон,Undirected,Снежные мамки,1
Ворон,Undirected,Снезини,1
Ворон,Undirected,Старушка-докладчица,1
Вселенничи,Undirected,Древолюд,1
Вселенничи,Undirected,Заяц,1
Вселенничи,Undirected,Липовый парень,1
Вселенничи,Undirected,Липяное бывьмо,1
Вселенничи,Undirected,Мамки,1
Вселенничи,Undirected,Молодой рабочий,1
Вселенничи,Undirected,Молчащие сестры,1
Вселенничи,Undirected,Морозный тятька,1
Вселенничи,Undirected,Некий глас,1
Вселенничи,Undirected,Немини,1
Вселенничи,Undirected,Няня-леший,1
Вселенничи,Undirected,Рында,1
Вселенничи,Undirected,Сказчич-Морочич,1
Вселенничи,Undirected,Слепини,1
Вселенничи,Undirected,Смехини,1
Вселенничи,Undirected,Снегомужье,1
Вселенничи,Undirected,Снегун,1
Вселенничи,Undirected,Снегчие,1
Вселенничи,Undirected,Снежак,1
Вселенничи,Undirected,Снежачиха,1
Вселенничи,Undirected,Снежные мамки,1
Вселенничи,Undirected,Снезини,1
Вселенничи,Undirected,Старушка-докладчица,1
Голос удаляющихся,Undirected,Голоса многих,1
Голос удаляющихся,Undirected,Кто-то,1
Голос удаляющихся,Undirected,Кто-то из присутствующих,1
Голос удаляющихся,Undirected,Новые голоса удаляющихся,1
Голос удаляющихся,Undirected,Рокот,1
Голос удаляющихся,Undirected,Руководитель игры,1
Голос удаляющихся,Undirected,Руководитель празднества,1
Голос удаляющихся,Undirected,Старец,1
Голоса многих,Undirected,Кто-то,1
Голоса многих,Undirected,Кто-то из присутствующих,1
Голоса многих,Undirected,Новые голоса удаляющихся,1
Голоса многих,Undirected,Рокот,1
Голоса многих,Undirected,Руководитель игры,1
Голоса многих,Undirected,Руководитель празднества,1
Голоса многих,Undirected,Старец,1
Городовой,Undirected,Дети,1
Городовой,Undirected,Женщина с ведрами,1
Городовой,Undirected,Зимний голос,1
Городовой,Undirected,Мальчики,1
Городовой,Undirected,Некто,1
Городовой,Undirected,Нищий,1
Городовой,Undirected,Отставший спутник,1
Городовой,Undirected,Пристав,1
Городовой,Undirected,Прохожие,1
Городовой,Undirected,Пьяница,1
Городовой,Undirected,Славодей,1
Городовой,Undirected,Снегей,1
Городовой,Undirected,Снежимочка,1
Городовой,Undirected,Старуха,1
Городовой,Undirected,Ученый,1
Городовой,Undirected,Ховун,1
Дети,Undirected,Женщина с ведрами,1
Дети,Undirected,Зимний голос,1
Дети,Undirected,Мальчики,1
Дети,Undirected,Некто,1
Дети,Undirected,Нищий,1
Дети,Undirected,Отставший спутник,1
Дети,Undirected,Пристав,1
Дети,Undirected,Прохожие,1
Дети,Undirected,Пьяница,1
Дети,Undirected,Славодей,1
Дети,Undirected,Снегей,1
Дети,Undirected,Снежимочка,1
Дети,Undirected,Старуха,1
Дети,Undirected,Ученый,1
Дети,Undirected,Ховун,1
Древолюд,Undirected,Заяц,1
Древолюд,Undirected,Липовый парень,1
Древолюд,Undirected,Липяное бывьмо,1
Древолюд,Undirected,Мамки,1
Древолюд,Undirected,Молодой рабочий,1
Древолюд,Undirected,Молчащие сестры,1
Древолюд,Undirected,Морозный тятька,1
Древолюд,Undirected,Некий глас,1
Древолюд,Undirected,Немини,1
Древолюд,Undirected,Няня-леший,1
Древолюд,Undirected,Рында,1
Древолюд,Undirected,Сказчич-Морочич,1
Древолюд,Undirected,Слепини,1
Древолюд,Undirected,Смехини,1
Древолюд,Undirected,Снегомужье,1
Древолюд,Undirected,Снегун,1
Древолюд,Undirected,Снегчие,1
Древолюд,Undirected,Снежак,1
Древолюд,Undirected,Снежачиха,1
Древолюд,Undirected,Снежные мамки,1
Древолюд,Undirected,Снезини,1
Древолюд,Undirected,Старушка-докладчица,1
Женщина с ведрами,Undirected,Зимний голос,1
Женщина с ведрами,Undirected,Мальчики,1
Женщина с ведрами,Undirected,Некто,1
Женщина с ведрами,Undirected,Нищий,1
Женщина с ведрами,Undirected,Отставший спутник,1
Женщина с ведрами,Undirected,Пристав,1
Женщина с ведрами,Undirected,Прохожие,1
Женщина с ведрами,Undirected,Пьяница,1
Женщина с ведрами,Undirected,Славодей,1
Женщина с ведрами,Undirected,Снегей,1
Женщина с ведрами,Undirected,Снежимочка,1
Женщина с ведрами,Undirected,Старуха,1
Женщина с ведрами,Undirected,Ученый,1
Женщина с ведрами,Undirected,Ховун,1
Заяц,Undirected,Липовый парень,1
Заяц,Undirected,Липяное бывьмо,1
Заяц,Undirected,Мамки,1
Заяц,Undirected,Молодой рабочий,1
Заяц,Undirected,Молчащие сестры,1
Заяц,Undirected,Морозный тятька,1
Заяц,Undirected,Некий глас,1
Заяц,Undirected,Немини,1
Заяц,Undirected,Няня-леший,1
Заяц,Undirected,Рында,1
Заяц,Undirected,Сказчич-Морочич,1
Заяц,Undirected,Слепини,1
Заяц,Undirected,Смехини,1
Заяц,Undirected,Снегомужье,1
Заяц,Undirected,Снегун,1
Заяц,Undirected,Снегчие,1
Заяц,Undirected,Снежак,1
Заяц,Undirected,Снежачиха,1
Заяц,Undirected,Снежные мамки,1
Заяц,Undirected,Снезини,1
Заяц,Undirected,Старушка-докладчица,1
Зимний голос,Undirected,Мальчики,1
Зимний голос,Undirected,Некто,1
Зимний голос,Undirected,Нищий,1
Зимний голос,Undirected,Отставший спутник,1
Зимний голос,Undirected,Пристав,1
Зимний голос,Undirected,Прохожие,1
Зимний голос,Undirected,Пьяница,1
Зимний голос,Undirected,Славодей,1
Зимний голос,Undirected,Снегей,1
Зимний голос,Undirected,Снежимочка,1
Зимний голос,Undirected,Старуха,1
Зимний голос,Undirected,Ученый,1
Зимний голос,Undirected,Ховун,1
Кто-то из присутствующих,Undirected,Новые голоса удаляющихся,1
Кто-то из присутствующих,Undirected,Рокот,1
Кто-то из присутствующих,Undirected,Руководитель игры,1
Кто-то из присутствующих,Undirected,Руководитель празднества,1
Кто-то из присутствующих,Undirected,Старец,1
Кто-то,Undirected,Кто-то из присутствующих,1
Кто-то,Undirected,Новые голоса удаляющихся,1
Кто-то,Undirected,Рокот,1
Кто-то,Undirected,Руководитель игры,1
Кто-то,Undirected,Руководитель празднества,1
Кто-то,Undirected,Старец,1
Лешачиха,Undirected,Лешачонок,1
Лешачиха,Undirected,Печальный леший,1
Лешачиха,Undirected,Снегири,1
Лешачиха,Undirected,Снежак,1
Лешачонок,Undirected,Печальный леший,1
Лешачонок,Undirected,Снегири,1
Лешачонок,Undirected,Снежак,1
Липовый парень,Undirected,Липяное бывьмо,1
Липовый парень,Undirected,Мамки,1
Липовый парень,Undirected,Молодой рабочий,1
Липовый парень,Undirected,Молчащие сестры,1
Липовый парень,Undirected,Морозный тятька,1
Липовый парень,Undirected,Некий глас,1
Липовый парень,Undirected,Немини,1
Липовый парень,Undirected,Няня-леший,1
Липовый парень,Undirected,Рында,1
Липовый парень,Undirected,Сказчич-Морочич,1
Липовый парень,Undirected,Слепини,1
Липовый парень,Undirected,Смехини,1
Липовый парень,Undirected,Снегомужье,1
Липовый парень,Undirected,Снегун,1
Липовый парень,Undirected,Снегчие,1
Липовый парень,Undirected,Снежак,1
Липовый парень,Undirected,Снежачиха,1
Липовый парень,Undirected,Снежные мамки,1
Липовый парень,Undirected,Снезини,1
Липовый парень,Undirected,Старушка-докладчица,1
Липяное бывьмо,Undirected,Мамки,1
Липяное бывьмо,Undirected,Молодой рабочий,1
Липяное бывьмо,Undirected,Молчащие сестры,1
Липяное бывьмо,Undirected,Морозный тятька,1
Липяное бывьмо,Undirected,Некий глас,1
Липяное бывьмо,Undirected,Немини,1
Липяное бывьмо,Undirected,Няня-леший,1
Липяное бывьмо,Undirected,Рында,1
Липяное бывьмо,Undirected,Сказчич-Морочич,1
Липяное бывьмо,Undirected,Слепини,1
Липяное бывьмо,Undirected,Смехини,1
Липяное бывьмо,Undirected,Снегомужье,1
Липяное бывьмо,Undirected,Снегун,1
Липяное бывьмо,Undirected,Снегчие,1
Липяное бывьмо,Undirected,Снежак,1
Липяное бывьмо,Undirected,Снежачиха,1
Липяное бывьмо,Undirected,Снежные мамки,1
Липяное бывьмо,Undirected,Снезини,1
Липяное бывьмо,Undirected,Старушка-докладчица,1
Мальчики,Undirected,Некто,1
Мальчики,Undirected,Нищий,1
Мальчики,Undirected,Отставший спутник,1
Мальчики,Undirected,Пристав,1
Мальчики,Undirected,Прохожие,1
Мальчики,Undirected,Пьяница,1
Мальчики,Undirected,Славодей,1
Мальчики,Undirected,Снегей,1
Мальчики,Undirected,Снежимочка,1
Мальчики,Undirected,Старуха,1
Мальчики,Undirected,Ученый,1
Мальчики,Undirected,Ховун,1
Мамки,Undirected,Молодой рабочий,1
Мамки,Undirected,Молчащие сестры,1
Мамки,Undirected,Морозный тятька,1
Мамки,Undirected,Некий глас,1
Мамки,Undirected,Немини,1
Мамки,Undirected,Няня-леший,1
Мамки,Undirected,Рында,1
Мамки,Undirected,Сказчич-Морочич,1
Мамки,Undirected,Слепини,1
Мамки,Undirected,Смехини,1
Мамки,Undirected,Снегомужье,1
Мамки,Undirected,Снегун,1
Мамки,Undirected,Снегчие,1
Мамки,Undirected,Снежак,1
Мамки,Undirected,Снежачиха,1
Мамки,Undirected,Снежные мамки,1
Мамки,Undirected,Снезини,1
Мамки,Undirected,Старушка-докладчица,1
Молодой рабочий,Undirected,Молчащие сестры,1
Молодой рабочий,Undirected,Морозный тятька,1
Молодой рабочий,Undirected,Некий глас,1
Молодой рабочий,Undirected,Немини,1
Молодой рабочий,Undirected,Няня-леший,1
Молодой рабочий,Undirected,Рында,1
Молодой рабочий,Undirected,Сказчич-Морочич,1
Молодой рабочий,Undirected,Слепини,1
Молодой рабочий,Undirected,Смехини,1
Молодой рабочий,Undirected,Снегомужье,1
Молодой рабочий,Undirected,Снегун,1
Молодой рабочий,Undirected,Снегчие,1
Молодой рабочий,Undirected,Снежак,1
Молодой рабочий,Undirected,Снежачиха,1
Молодой рабочий,Undirected,Снежные мамки,1
Молодой рабочий,Undirected,Снезини,1
Молодой рабочий,Undirected,Старушка-докладчица,1
Молчащие сестры,Undirected,Морозный тятька,1
Молчащие сестры,Undirected,Некий глас,1
Молчащие сестры,Undirected,Немини,1
Молчащие сестры,Undirected,Няня-леший,1
Молчащие сестры,Undirected,Рында,1
Молчащие сестры,Undirected,Сказчич-Морочич,1
Молчащие сестры,Undirected,Слепини,1
Молчащие сестры,Undirected,Смехини,1
Молчащие сестры,Undirected,Снегомужье,1
Молчащие сестры,Undirected,Снегун,1
Молчащие сестры,Undirected,Снегчие,1
Молчащие сестры,Undirected,Снежак,1
Молчащие сестры,Undirected,Снежачиха,1
Молчащие сестры,Undirected,Снежные мамки,1
Молчащие сестры,Undirected,Снезини,1
Молчащие сестры,Undirected,Старушка-докладчица,1
Морозный тятька,Undirected,Некий глас,1
Морозный тятька,Undirected,Немини,1
Морозный тятька,Undirected,Няня-леший,1
Морозный тятька,Undirected,Рында,1
Морозный тятька,Undirected,Сказчич-Морочич,1
Морозный тятька,Undirected,Слепини,1
Морозный тятька,Undirected,Смехини,1
Морозный тятька,Undirected,Снегомужье,1
Морозный тятька,Undirected,Снегун,1
Морозный тятька,Undirected,Снегчие,1
Морозный тятька,Undirected,Снежак,1
Морозный тятька,Undirected,Снежачиха,1
Морозный тятька,Undirected,Снежные мамки,1
Морозный тятька,Undirected,Снезини,1
Морозный тятька,Undirected,Старушка-докладчица,1
Некий глас,Undirected,Немини,1
Некий глас,Undirected,Няня-леший,1
Некий глас,Undirected,Рында,1
Некий глас,Undirected,Сказчич-Морочич,1
Некий глас,Undirected,Слепини,1
Некий глас,Undirected,Смехини,1
Некий глас,Undirected,Снегомужье,1
Некий глас,Undirected,Снегун,1
Некий глас,Undirected,Снегчие,1
Некий глас,Undirected,Снежак,1
Некий глас,Undirected,Снежачиха,1
Некий глас,Undirected,Снежные мамки,1
Некий глас,Undirected,Снезини,1
Некий глас,Undirected,Старушка-докладчица,1
Некто,Undirected,Нищий,1
Некто,Undirected,Отставший спутник,1
Некто,Undirected,Пристав,1
Некто,Undirected,Прохожие,1
Некто,Undirected,Пьяница,1
Некто,Undirected,Славодей,1
Некто,Undirected,Снегей,1
Некто,Undirected,Снежимочка,1
Некто,Undirected,Старуха,1
Некто,Undirected,Ученый,1
Некто,Undirected,Ховун,1
Немини,Undirected,Няня-леший,1
Немини,Undirected,Рында,1
Немини,Undirected,Сказчич-Морочич,1
Немини,Undirected,Слепини,1
Немини,Undirected,Смехини,1
Немини,Undirected,Снегомужье,1
Немини,Undirected,Снегун,1
Немини,Undirected,Снегчие,1
Немини,Undirected,Снежак,1
Немини,Undirected,Снежачиха,1
Немини,Undirected,Снежные мамки,1
Немини,Undirected,Снезини,1
Немини,Undirected,Старушка-докладчица,1
Нищий,Undirected,Отставший спутник,1
Нищий,Undirected,Пристав,1
Нищий,Undirected,Прохожие,1
Нищий,Undirected,Пьяница,1
Нищий,Undirected,Славодей,1
Нищий,Undirected,Снегей,1
Нищий,Undirected,Снежимочка,1
Нищий,Undirected,Старуха,1
Нищий,Undirected,Ученый,1
Нищий,Undirected,Ховун,1
Новые голоса удаляющихся,Undirected,Рокот,1
Новые голоса удаляющихся,Undirected,Руководитель игры,1
Новые голоса удаляющихся,Undirected,Руководитель празднества,1
Новые голоса удаляющихся,Undirected,Старец,1
Няня-леший,Undirected,Рында,1
Няня-леший,Undirected,Сказчич-Морочич,1
Няня-леший,Undirected,Слепини,1
Няня-леший,Undirected,Смехини,1
Няня-леший,Undirected,Снегомужье,1
Няня-леший,Undirected,Снегун,1
Няня-леший,Undirected,Снегчие,1
Няня-леший,Undirected,Снежак,1
Няня-леший,Undirected,Снежачиха,1
Няня-леший,Undirected,Снежные мамки,1
Няня-леший,Undirected,Снезини,1
Няня-леший,Undirected,Старушка-докладчица,1
Отставший спутник,Undirected,Пристав,1
Отставший спутник,Undirected,Прохожие,1
Отставший спутник,Undirected,Пьяница,1
Отставший спутник,Undirected,Славодей,1
Отставший спутник,Undirected,Снегей,1
Отставший спутник,Undirected,Снежимочка,1
Отставший спутник,Undirected,Старуха,1
Отставший спутник,Undirected,Ученый,1
Отставший спутник,Undirected,Ховун,1
Печальный леший,Undirected,Снегири,1
Печальный леший,Undirected,Снежак,1
Пристав,Undirected,Прохожие,1
Пристав,Undirected,Пьяница,1
Пристав,Undirected,Славодей,1
Пристав,Undirected,Снегей,1
Пристав,Undirected,Снежимочка,1
Пристав,Undirected,Старуха,1
Пристав,Undirected,Ученый,1
Пристав,Undirected,Ховун,1
Прохожие,Undirected,Пьяница,1
Прохожие,Undirected,Славодей,1
Прохожие,Undirected,Снегей,1
Прохожие,Undirected,Снежимочка,1
Прохожие,Undirected,Старуха,1
Прохожие,Undirected,Ученый,1
Прохожие,Undirected,Ховун,1
Пьяница,Undirected,Славодей,1
Пьяница,Undirected,Снегей,1
Пьяница,Undirected,Снежимочка,1
Пьяница,Undirected,Старуха,1
Пьяница,Undirected,Ученый,1
Пьяница,Undirected,Ховун,1
Рокот,Undirected,Руководитель игры,1
Рокот,Undirected,Руководитель празднества,1
Рокот,Undirected,Старец,1
Руководитель игры,Undirected,Руководитель празднества,1
Руководитель игры,Undirected,Старец,1
Руководитель празднества,Undirected,Старец,1
Рында,Undirected,Сказчич-Морочич,1
Рында,Undirected,Слепини,1
Рында,Undirected,Смехини,1
Рында,Undirected,Снегомужье,1
Рында,Undirected,Снегун,1
Рында,Undirected,Снегчие,1
Рында,Undirected,Снежак,1
Рында,Undirected,Снежачиха,1
Рында,Undirected,Снежные мамки,1
Рында,Undirected,Снезини,1
Рында,Undirected,Старушка-докладчица,1
Сказчич-Морочич,Undirected,Слепини,1
Сказчич-Морочич,Undirected,Смехини,1
Сказчич-Морочич,Undirected,Снегомужье,1
Сказчич-Морочич,Undirected,Снегун,1
Сказчич-Морочич,Undirected,Снегчие,1
Сказчич-Морочич,Undirected,Снежак,1
Сказчич-Морочич,Undirected,Снежачиха,1
Сказчич-Морочич,Undirected,Снежные мамки,1
Сказчич-Морочич,Undirected,Снезини,1
Сказчич-Морочич,Undirected,Старушка-докладчица,1
Славодей,Undirected,Снегей,1
Славодей,Undirected,Снежимочка,1
Славодей,Undirected,Старуха,1
Славодей,Undirected,Ученый,1
Славодей,Undirected,Ховун,1
Слепини,Undirected,Смехини,1
Слепини,Undirected,Снегомужье,1
Слепини,Undirected,Снегун,1
Слепини,Undirected,Снегчие,1
Слепини,Undirected,Снежак,1
Слепини,Undirected,Снежачиха,1
Слепини,Undirected,Снежные мамки,1
Слепини,Undirected,Снезини,1
Слепини,Undirected,Старушка-докладчица,1
Смехини,Undirected,Снегомужье,1
Смехини,Undirected,Снегун,1
Смехини,Undirected,Снегчие,1
Смехини,Undirected,Снежак,1
Смехини,Undirected,Снежачиха,1
Смехини,Undirected,Снежные мамки,1
Смехини,Undirected,Снезини,1
Смехини,Undirected,Старушка-докладчица,1
Снегей,Undirected,Снежимочка,1
Снегей,Undirected,Старуха,1
Снегей,Undirected,Ученый,1
Снегей,Undirected,Ховун,1
Снегири,Undirected,Снежак,1
Снегомужье,Undirected,Снегун,1
Снегомужье,Undirected,Снегчие,1
Снегомужье,Undirected,Снежак,1
Снегомужье,Undirected,Снежачиха,1
Снегомужье,Undirected,Снежные мамки,1
Снегомужье,Undirected,Снезини,1
Снегомужье,Undirected,Старушка-докладчица,1
Снегун,Undirected,Снегчие,1
Снегун,Undirected,Снежак,1
Снегун,Undirected,Снежачиха,1
Снегун,Undirected,Снежные мамки,1
Снегун,Undirected,Снезини,1
Снегун,Undirected,Старушка-докладчица,1
Снегчие,Undirected,Снежак,1
Снегчие,Undirected,Снежачиха,1
Снегчие,Undirected,Снежные мамки,1
Снегчие,Undirected,Снезини,1
Снегчие,Undirected,Старушка-докладчица,1
Снежак,Undirected,Снежачиха,1
Снежак,Undirected,Снежные мамки,1
Снежак,Undirected,Снезини,1
Снежак,Undirected,Старушка-докладчица,1
Снежачиха,Undirected,Снежные мамки,1
Снежачиха,Undirected,Снезини,1
Снежачиха,Undirected,Старушка-докладчица,1
Снежимочка,Undirected,Старуха,1
Снежимочка,Undirected,Ученый,1
Снежимочка,Undirected,Ховун,1
Снежные мамки,Undirected,Снезини,1
Снежные мамки,Undirected,Старушка-докладчица,1
Снезини,Undirected,Старушка-докладчица,1
Старуха,Undirected,Ученый,1
Старуха,Undirected,Ховун,1
Ученый,Undirected,Ховун,1
